Location,Orient Glider Airport,FAOI,-26.0377083418679,27.5951694709378
Location,Kroonstad Glider Field,FAOHR,-27.6805134,27.1386257
Location,Worcester Glider Airport,FAWC,-33.6641657764243,19.4190025456353
Location,Pokweni Glider Airport,FYPO,-23.6487905922412,17.7305265507664
Location,Meddido Mil,LLMG,32.5971359,35.2343532
Location,Mingli Gliderport,RCYSU,23.7144469593277,121.42018331434
Location,Nagano City Gliderport,RJBD2,36.6337471843652,138.256075150214
Location,Kuju Gliderport,RJBET,33.0345404588473,131.232600175626
Location,Menuma Gliderport,RJBNV,36.2127997587843,139.417781981214
Location,Shinshinotsu Gliderport,RJCTO,43.2732169044081,141.652541562162
Location,Kirigamine Gliderport,RJCUJ,36.09429161979,138.164951169075
Location,Yoshiigawa Eku Gliderport,RJCUN,34.6739251898583,134.070521078381
Location,Biei Gliderport,RJDOP,43.529063975887,142.569988061788
Location,Ichishicho Gliderport,RJEER,34.6689660820429,136.422864172511
Location,Nirasaki Gliderport,RJERE,35.6913121,138.4636487
Location,Hanyu Gliderport,RJETY,36.1958587063353,139.604453603034
Location,Hoshubana Gliderport,RJKND,36.0390182,139.8111144
Location,Tohma Gliderport,RJLKO,43.8752439,142.5116682
Location,Fukagawa Gliderport,RJMLX,43.7000094736165,142.037772029819
Location,Kushidagawa Gliderport,RJMSJ,34.5980479015707,136.575095808846
Location,Oyama Kinu Gliderport,RJNWE,36.2995561,139.9048713
Location,Kisogawa Gliderport,RJPPO,35.2065484,136.6787842
Location,Makado Gliderport,RJPPR,36.2700280259071,139.59109485806
Location,Haneda Gliderport,RJRGT,36.1353958942323,139.907221885913
Location,Tsukuba Gliderport,RJRPE,36.2396057,140.0591316
Location,Hamakita Gliderport,RJSEP,34.8416880416496,137.824214569917
Location,Menuma Gliderport #2,RJSOR,36.2016187517218,139.433123947829
Location,Sekiyado Gliderport,RJSSE,36.019095339583,139.818211366408
Location,Makabe Gliderport,RJSSK,36.2668469418683,140.072793460944
Location,Itakura Gliderport,RJT1,36.2651572933366,139.633205412861
Location,Kinugawa Gliding Field,RJXXC,36.6828412860164,139.941308234975
Location,Ono Gliderport,RJZCD,35.4477270115848,136.605131233872
Location,Gliders Philippines,RPJST,14.0154927054111,120.734187268137
Location,Novosibirsk Glider Strip,UMOPS,54.199328,80.2391054
Location,Citeurup Paraglider Airport,WAKIF,-6.50801454205068,106.878319983993
Location,Azov Airport,UAZV,47.180145,39.422089
Location,Gizel’ Airport,UGIZ,43.072277,44.5904006
Location,Krasnyy Kurgan Airport,ULRH,43.9500336,42.6255624
Location,Borki Airfield,UPAA,58.3687022,31.037598
Location,Podosinki Airport,UPOI,56.2353482,37.5548771
Location,Yessentuki Airport,URME,44.0574994,42.8325696
Location,Vikhrevo Airfield,USEG,56.2417221,38.156517
Location,Aeroklub Almi,USRER,55.5855909,38.0842982
Location,Myachkovo Airport,UUBM,55.563204,37.9800737
Location,Istra Airport,UUEH,56.0989913,36.8015861
Location,Uyemskiy Airport,UUYE,64.4689943967015,40.8393669382395
Location,Beverley Airport,YBEV,-32.1270604710929,116.947017457883
Location,Benalla,YBLA,-36.5519504993611,146.006883238248
Location,Bond Springs Airport,YBSP,-23.5170556,133.8499679
Location,Bunyan Airfield,YBUY,-36.1336931460649,149.139493876489
Location,Caboolture Airport,YCAB,-27.0781627205169,152.983759957694
Location,Cunderdin,YCUN,-31.6226119792504,117.217614234429
Location,Gloucester Airport,YGCR,-32.0511775732822,151.976124293108
Location,Inglewood Airport,YILW,-28.417361883526,151.097956129734
Location,Lake Keepit Airport,YKEP,-30.8906803455497,150.524854265891
Location,Sunraysia Gliding Club,YMGF,-34.2598562094313,142.058775353287
Location,Mangrove Mountain Airport,YMVM,-33.2849521058124,151.212711964205
Location,Epsom Airport,YRYW,-36.542531,144.241127
Location,Camden,YSCN,-34.0401962319299,150.688043682992
Location,Stonefield Gliding,YSFL,-34.3413202,139.3030453
Location,Tumut,YTMU,-35.2684241261092,148.240507989749
Location,Lockyersleigh Field,YTWG,-34.6890196,149.8918291
Location,Tyagarah Airport,YTYH,-28.595865210071,153.548289646739
Location,Waikerie,YWKI,-34.184333006304,140.027852566923
Location,Warkworth Airport,YWKW,-32.5477074876839,151.022848700919
Location,Overboelare Airport,EBGG,50.7539612507033,3.86241127902281
Location,Balen-Keiheuvel,EBKH,51.1797340290689,5.21772737958995
Location,St Hubert,EBSH,50.0368551133703,5.40488447941608
Location,Goetsenhoven AB,EBTN,50.7815149091372,4.9575726684153
Location,Theux,EBTX,50.5512336016341,5.85401741941429
Location,Maubray,EBTY,50.5302044074895,3.5026720067051
Location,Weelde AB,EBWE,51.3954586313258,4.9605079536327
Location,Kiewit,EBZH,50.9700277777778,5.375
Location,Oostmalle AB,EBZR,51.2656487490795,4.75590852404457
Location,Zwartberg,EBZW,51.015587491162,5.52452455151975
Location,Kirchzarten Airfield,ED10,47.9510689283395,7.95636123158595
Location,Haßloch Airfield,ED21,49.3547615889422,8.28390389708999
Location,Leibertingen Airfield,ED22,48.0442518213843,9.02534132616929
Location,Reiselfingen Airfield,ED23,47.8532610470957,8.37482807934411
Location,Flugplatz Burgheim,ED28,48.6923406413739,11.0331443906406
Location,Segelflugplatz Mullheim,ED31,47.8223913277297,7.64042851277499
Location,Bohlhof Airfield,ED33,47.650847143659,8.38633304887538
Location,Hangensteiner Hof Airfield,ED34,48.933111344756,8.82131198784239
Location,Hermuthausen Airfield,ED35,49.3145152187739,9.74867446271654
Location,Hornberg Airfield,ED36,48.7475548177355,9.86034960791945
Location,Hutten Airfield,ED37,47.6347182368566,7.94131177664427
Location,Malsch Airfield,ED38,49.2385317889773,8.68531179191012
Location,Markdorf Airfield,ED39,47.707307552417,9.39328045861455
Location,Deckenpfronn-Egelsee Airfield,ED41,48.6377629736215,8.81463768456212
Location,Mckmhl-Korb Airfield,ED42,49.3443396076603,9.40067574160866
Location,Musbach Airfield,ED43,48.5032493463626,8.47831550960537
Location,Neresheim Airfield,ED44,48.742149882764,10.3217843247756
Location,Oppingen-Au Airfield,ED45,48.5568116545027,9.82129968756108
Location,Roßfeld Airfield,ED47,48.5132451926512,9.33450685014403
Location,Schwann-Conweiler Airfield,ED48,48.8380033553361,8.54327897630842
Location,Boberg Airfield,ED50,53.5148438696783,10.1440934087738
Location,Schreckhof Airfield,ED52,49.3513367466964,9.12093458282492
Location,Heilbronn-Bockingen Airfield,ED61,49.1219254031595,9.18017901416505
Location,Mulben Airfield,ED62,49.4550063878564,9.10397797643306
Location,Mittelfischach UL,ED69,49.034230424759,9.87056156853484
Location,Munsingen-Eisberg Airfield,ED70,48.4085463938672,9.43983522984654
Location,Crawinkel,ED71,50.7787792024361,10.8140966667268
Location,Gopfersdorf Airfield,ED72,50.9142128606552,12.6136573874273
Location,Segelfluggelande Haiterbach,ED80,48.5315056640255,8.67483065770637
Location,Flugplatz Riedlingen,ED81,48.1454201836907,9.46895879626888
Location,Hayingen Airfield,ED83,48.2875661499624,9.46275340738313
Location,Hilzingen Airfield,ED84,47.7597024106379,8.77324355758302
Location,Malmsheim Airfield,ED85,48.7849925484874,8.9165816297561
Location,Rastatt Airfield,ED86,48.8711630982496,8.21031266798907
Location,UL-Flugplatz Imsweiler-Donnersberg,ED90,49.6053621655857,7.79261944660093
Location,Isny Glider Field,ED91,47.7005878843326,10.021622048669
Location,Leuzendorf Glider Field,ED92,49.3529241038828,10.0812815907863
Location,Schafhalde Airfield,ED93,48.6932843176647,10.0999766355183
Location,Sinsheim Airfield,ED94,49.2479748854328,8.8931356108243
Location,Segelflugplatz Iserlohn-Summern,ED98,51.438736168535,7.70426588242086
Location,Aichach Airport,EDAA,48.4712774606502,11.1343232780077
Location,Dessau,EDAD,51.8339904,12.1819365
Location,Eisenhuttenstadt,EDAE,52.1923789,14.5941123
Location,Grossruckerswalde,EDAG,50.6438897,13.1266118
Location,Neustadt-Glewe,EDAN,53.3642272,11.6070585
Location,Nordhausen,EDAO,51.4932589,10.8374117
Location,Pratzschwitz,EDAR,50.98027,13.916547
Location,Heinrichsruh,EDAS,51.635616847841,13.6805175876121
Location,Nardt,EDAT,51.448924,14.1949799
Location,Roitzschjora,EDAW,51.575641,12.491961
Location,Wulfershausen,EDBA,50.8453833,11.0776298
Location,Altotting Airfield,EDBB,48.2162038,12.6490175
Location,Muehlenfeld,EDBE,52.4354954,12.5894379
Location,Zwickau,EDBI,50.7016049,12.4544074
Location,Schongleina,EDBJ,50.9156494,11.7142613
Location,Kyritz,EDBK,52.9170021,12.4302026
Location,Laucha,EDBL,51.2474464,11.6914862
Location,Pinnow,EDBP,53.6152401,11.5632269
Location,Bronkow,EDBQ,51.6710391,13.9609954
Location,Sommersberg,EDBU,53.1797144,12.1902468
Location,Stralsund,EDBV,54.3397941,13.049406
Location,Gorlitz,EDBX,51.1595142,14.9497012
Location,Schmoldow,EDBY,53.9726375,13.3419912
Location,Scharzheide/Schipkau,EDBZ,51.4878082,13.8794593
Location,Anklam,EDCA,53.8359778,13.678101
Location,Ballenstedt,EDCB,51.7458359,11.2286682
Location,Cham-Janahof Airfield,EDCC,49.2108132,12.6603179
Location,Eggersdorf,EDCE,52.4841799,14.0875005
Location,Rugen,EDCG,54.384157,13.3256536
Location,Klix,EDCI,51.2709636,14.5126062
Location,Kothen,EDCK,51.7254134,11.9530928
Location,Kamenz,EDCM,51.2909995,14.1151882
Location,Aschersleben,EDCQ,51.7656607,11.4973506
Location,Saarmund,EDCS,52.3083613,13.1007815
Location,Taucha,EDCT,51.40029,12.52978
Location,Gustrow,EDCU,53.800291,12.2301663
Location,Pasewalk,EDCV,53.5113763,13.9442459
Location,Wismar,EDCW,53.9158178,11.5003258
Location,Purkshof,EDCX,54.1589975,12.25253
Location,Antersberg Airfield,EDCZ,47.959612,11.9967226
Location,Benediktbeuern Airfield,EDDA,47.7156598,11.3917607
Location,Oeventrop Airfield,EDDJ,51.3955393,8.1472381
Location,Agathazell Airfield,EDDO,47.5533009,10.2730133
Location,Großes Moor Airfield,EDDQ,52.5358999,10.02
Location,Holtorfsloh Airfield,EDDU,53.322876,10.072791
Location,Bad Zwischenahn - Rostrup Airfield,EDDX,53.2101716,7.9847508
Location,Steinberg at Wessein Airfield,EDDY,52.0838212,10.0184087
Location,Buckeburg-Weinberg Airfield,EDDZ,52.2494648,9.0248553
Location,Wenzendorf Airfield,EDEA,53.337489,9.7797559
Location,Bad Langensalza,EDEB,51.1294298,10.6225368
Location,Amoneburg Airfield,EDEC,50.7900209,8.906573
Location,Erbendorf Airfield,EDED,49.8438103,12.0676943
Location,Altfeld Airport,EDEE,49.8333385,9.5367385
Location,Gotha-Ost,EDEG,50.9692284,10.7281644
Location,Herrenteich,EDEH,49.3470499,8.4894304
Location,Hienheim Airfield,EDEI,48.8778854,11.7603423
Location,Aßlarer Hutte Airfield,EDEJ,50.5998999,8.4439
Location,Braunfels Airfield,EDEK,50.5245441,8.3923846
Location,Langenlonsheim,EDEL,49.9097544,7.9063922
Location,Mosenberg,EDEM,51.0627342,9.4220085
Location,Bad Hersfeld,EDEN,50.8438162,9.7074288
Location,Heppenheim,EDEP,49.624485,8.6193313
Location,Muhlhausen,EDEQ,51.2133176,10.5407863
Location,Wasserkuppe,EDER,50.4981213,9.9479967
Location,Gießen Airfield,EDET,50.6053528,8.7279081
Location,Bensheimer Stadtwiessen Airfield,EDEU,49.6891523,8.5846021
Location,Pfingstweide Airfield,EDEV,50.4356819,8.62067
Location,Walldurn,EDEW,49.5790434,9.3968824
Location,Platzer Airfield,EDEX,50.7111167,9.7391281
Location,Stauffenbuhl Airfield,EDEY,51.1603871,10.0478775
Location,Michelbach Airfield,EDEZ,50.2324086,8.0811711
Location,Anspach/Taunus,EDFA,50.290536,8.539554
Location,Aschaffenburg,EDFC,49.939179,9.0632571
Location,Grasberg,EDFD,50.3063068,10.2268801
Location,Brannenburg Airfield,EDFF,47.7401096,12.1150102
Location,Gelnhausen,EDFG,50.1984346,9.1741557
Location,Hirzenhain,EDFI,50.7876039,8.3926366
Location,Lager Hammelburg,EDFJ,50.0972515,9.8809233
Location,Bad Kissingen,EDFK,50.2086888,10.0676842
Location,Lutzellinden,EDFL,50.5433886,8.5908793
Location,Marburg-Schonstadt,EDFN,50.8744596,8.8149524
Location,Ober-Morlen,EDFP,50.3621234,8.7113578
Location,Allendorf/Eder,EDFQ,51.0342003,8.67887
Location,Rothenburg O.D. Tauber,EDFR,49.3911526,10.2184365
Location,Schweinfurt Sud,EDFS,50.0112485,10.2441428
Location,Mainbullau,EDFU,49.6931627,9.1803872
Location,Worms,EDFV,49.6049216,8.3667043
Location,Schenkenturm,EDFW,49.8169584,9.8979963
Location,Hockenheim,EDFX,49.324501,8.531987
Location,Elz,EDFY,50.4284326,8.0152589
Location,Ailertchen,EDGA,50.5947843,7.9470203
Location,Breitscheid,EDGB,50.6769367,8.1694738
Location,Füssen Glider Airfield,EDGD,47.5829991,10.6899372
Location,Fulda-Jossa,EDGF,50.4756003,9.4392087
Location,Geitau Airfield,EDGG,47.6800385,11.9621644
Location,Hettstadt,EDGH,49.798034,9.8332122
Location,Buhlhof,EDGI,49.3219307,9.6655603
Location,Ochsenfurt,EDGJ,49.6721377,10.0740323
Location,Korbach,EDGK,51.2545928,8.8775701
Location,Oppenheim,EDGP,49.8467241,8.3779085
Location,Schameder,EDGQ,51.0010357,8.3081153
Location,Giessen-Reiskirchen,EDGR,50.5680124,8.8694126
Location,Bottenhorn,EDGT,50.7933283,8.4641915
Location,Unterschupf,EDGU,49.5157354,9.6693645
Location,Greding Airfield,EDGV,49.0632428,11.2896657
Location,Graner Berg,EDGW,51.3066667,9.1752778
Location,Walldorf,EDGX,49.3060626,8.6591136
Location,Greiling Airfield,EDGY,47.765041,11.5950502
Location,Weinheim/Bergstrasse,EDGZ,49.5681417,8.6108646
Location,Grube,EDHB,54.2446403,11.0290679
Location,Rehbeck,EDHC,53.0162506,11.1473274
Location,Eichsfeld,EDHD,51.4078136,10.1460854
Location,Uetersen,EDHE,53.6443319,9.7042212
Location,Hallertau Airfield,EDHH,48.6494715,11.5966419
Location,Alte Ems Airfield,EDHJ,53.0305461,7.3066325
Location,Neumunster,EDHN,54.0795423,9.9425917
Location,Hellenhagen Airfield,EDHQ,52.0268267,9.5613103
Location,Hersbruck Airfield,EDHR,49.5074495,11.4433079
Location,Stade,EDHS,53.5611135,9.4990164
Location,Wulzburg Airport,EDHT,49.0262302,11.019039
Location,Lauenbruck,EDHU,53.2077724,9.577457
Location,Rote Wiese Glider Field,EDHV,52.2337185244068,10.9790282867633
Location,Wahlstedt,EDHW,53.9692664,10.2204325
Location,Hoya Airfield,EDHY,52.8099492,9.1693971
Location,Bisperode Airfield,EDIA,52.0801678,9.4806864
Location,Bohlenbergerfeld Airfield,EDIB,53.4151487,7.897712
Location,Bollrich Airfield,EDIC,51.9059793,10.4618353
Location,Weper Airfield,EDID,51.7143910496657,9.80218070802884
Location,"Der Dingel"" Airfield""",EDIE,51.5363695,9.3797244
Location,Gedern Airfield,EDIF,50.4335586,9.1976205
Location,Edermunde-Grifte Airfield,EDIG,51.2225886,9.4508227
Location,Hessisch Lichtenau Airfield,EDIH,51.1888302,9.7423603
Location,Johannisau Airfield,EDIJ,50.5379205,9.6655859
Location,Homberg/Ohm Airfield,EDIK,50.7464999,9.0192
Location,Fichtelbrunn Airfield,EDIL,49.4981784,11.6579643
Location,Oberems Airfield,EDIM,50.2421125,8.3993257
Location,Arnsberg-Ruhrwiese Airfield,EDIN,51.3892006541219,8.06012200176028
Location,Bergheim Airfield,EDIO,50.9740034,6.615453
Location,Buren Airfield,EDIP,51.5423058,8.5794068
Location,Dorsten Airfield,EDIQ,51.6621171,6.9838724
Location,Duren-Hurtgenwald Airfield,EDIR,50.69257,6.4163571
Location,Emmerich Airfield,EDIS,51.8223104,6.2741603
Location,Parchim,EDISS,53.4185013,11.8010394
Location,Gustorfer Hohe Airfield,EDIT,51.0770719,6.5480422
Location,Hengsen-Opherdicke Airfield,EDIU,51.4724877,7.6469935
Location,Schnuckenheide-Repke,EDIUY,52.7170087960998,10.5299083687543
Location,Stolberg-Diepenlinchen Airfield,EDIV,50.7694705,6.2810385
Location,Iserlohn-Rheinermark Airfield,EDIW,51.4294366,7.6440324
Location,Aukrug Airfield,EDIX,54.0633103,9.8055223
Location,Meiersberg Airfield,EDJD,51.3011275,6.9530391
Location,Segelfluggelande Lochgau,EDJE,49.0006561,9.0795583
Location,Wanlo Airfield,EDJF,51.100751,6.392847
Location,Vinsebeck Airfield,EDJH,51.8461784,9.0142113
Location,Bad Waldsee-Reute,EDJJ,47.9153514,9.7091591
Location,Heiligenberg,EDJQ,47.8324977,9.298822
Location,Irsingen-Hesselberg,EDJS,49.0387679,10.5082932
Location,Landau-Ebenberg,EDJT,49.176645,8.1310221
Location,Klippeneck Airfield,EDJU,48.1108057,8.7632852
Location,Nastatten Airfield,EDJV,50.1982803,7.8895754
Location,Montabaur Airfield,EDJW,50.4264223,7.8329091
Location,Neu-Gulze Airfield,EDJX,53.3813599,10.8041028
Location,Monchsheide Airfield,EDJY,50.5080473,7.2548135
Location,Grambeker Heide Airfield,EDJZ,53.5834568298366,10.7038257046144
Location,Hangelar,EDKB,50.7667081,7.1649759
Location,Hegenscheid,EDKD,51.3131038,7.700207
Location,Dobenreuth Airfield,EDKE,49.6978874,11.138927
Location,Auf Dem Dumpel,EDKF,51.0525131,7.706037
Location,Königsdorf Gliding Center,EDKG,47.8287804047803,11.4656157314918
Location,Hunsborn,EDKH,50.9282631,7.8923853
Location,Betzdorf-Kirchen,EDKI,50.8173275,7.8314421
Location,Langenberg Airfield,EDKJ,50.7941084,9.5601993
Location,Kamen-Heeren Airfield,EDKK,51.5902886,7.7099113
Location,Leverkusen,EDKL,51.0168325,7.0067726
Location,Schuren,EDKM,51.3003589,8.2341165
Location,Neye,EDKN,51.1240896,7.3725407
Location,Brilon/Hochsauerlandkreis Airfield,EDKO,51.4003437,8.6360882
Location,Plettenberg-Huinghausen,EDKP,51.1914337,7.7910162
Location,Schmallenberg-Rennefeld,EDKR,51.1622552,8.255144
Location,Merkers Mine Experience,EDKRB,48.0265837,10.6031368
Location,Karlstadt-Saupurzel Airport,EDKS,49.9711969,9.7902029
Location,Kell Airfield,EDKT,49.6218207,6.8404422
Location,Attendorn-Finnentrop,EDKU,51.1458367,7.9364401
Location,Dahlemer Binz,EDKV,50.4043029,6.529492
Location,Kuntrop,EDKW,51.2970917,7.8187476
Location,Segelflugplatz Konz-Konen,EDKX,49.6756107,6.5437437
Location,Kilegg Airfield,EDKY,47.7511748,9.8657076
Location,Meinerzhagen,EDKZ,51.100252,7.6029959
Location,Menden,EDLA,51.4828939,7.9001698
Location,Borkenberge,EDLB,51.7808872,7.2874673
Location,Kamp-Lintfort,EDLC,51.5292336,6.536314
Location,Grefrath-Niershorst,EDLF,51.3351446,6.3600839
Location,Asperden,EDLG,51.6908973,6.1043093
Location,Lippewiesen,EDLH,51.6899337,7.8135478
Location,Bielefeld,EDLI,51.9653109,8.5503352
Location,Detmold,EDLJ,51.9407251,8.9046681
Location,Egelsberg,EDLK,51.384352511255,6.58900098691837
Location,Am Salzgittersee Airfield,EDLL,52.16605,10.31306
Location,Loemuhle,EDLM,51.6471122,7.1628434
Location,Oerlinghausen,EDLO,51.9321468339495,8.6623998803399
Location,Haxterberg,EDLR,51.6880692,8.7769999
Location,Vreden,EDLS,51.9954851,6.8451537
Location,Munster-Telgte,EDLT,51.94363,7.7721405
Location,Romerwardt,EDLX,51.6626332,6.5964552
Location,Borken-Hoxfeld,EDLY,51.8523826,6.8143701
Location,Bad Sassendorf,EDLZ,51.5783323,8.2131764
Location,Blaubeuren,EDMC,48.4183721,9.8002241
Location,Dachau-Grobenried,EDMD,48.228698,11.4260403
Location,Furstenzell,EDMF,48.5163433,13.3457847
Location,Donauried,EDMG,48.4859565,10.2833178
Location,Reutberg,EDMH,49.1128028,10.7819532
Location,Illertissen,EDMI,48.2355842,10.1375659
Location,Jesenwang,EDMJ,48.1735848,11.125072
Location,Durach,EDMK,47.6920854,10.3380826
Location,Kronach Airfield,EDMM,50.2438932,11.3576186
Location,Bischofsberg Airfield,EDMR,50.4323139,10.2896769
Location,Tannheim,EDMT,48.0087772,10.1034514
Location,Gundelfingen,EDMU,48.5693238,10.3587212
Location,Vilshofen,EDMV,48.6360568,13.1930114
Location,Deggendorf,EDMW,48.8302535,12.8800293
Location,Muhldorf,EDMY,48.279152,12.5046862
Location,Hellingst Airfield,EDMZ,53.3749931,8.8498043
Location,Arnbruck,EDNB,49.1248846,12.9855746
Location,Beilngries,EDNC,49.0209358,11.4815047
Location,Erbach,EDNE,48.3419644420309,9.91560141580427
Location,Giengen/Brenz,EDNG,48.6360074,10.2144424
Location,Bad Worishofen-Nord,EDNH,48.0164646,10.6124593
Location,Neuburg-Egweil,EDNJ,48.7829185,11.2178716
Location,Unterzeil,EDNL,47.8583957,10.0131543
Location,Segelfluggelande Farrenberg,EDNN,48.385373,9.0772715
Location,Nordlingen,EDNO,48.8696832,10.5058334
Location,Pfarrkirchen,EDNP,48.4201739,12.8640447
Location,Bopfingen,EDNQ,48.850181,10.3359947
Location,Oberhub,EDNR,49.1419736,12.0817976
Location,Schwabmunchen,EDNS,48.1793341,10.7046252
Location,Treuchtlingen-Bubenheim,EDNT,48.9947509,10.885879
Location,Thannhausen,EDNU,48.2900609,10.4420823
Location,Vogtareuth,EDNV,47.9465485,12.2039789
Location,Weissenhorn,EDNW,48.2893807,10.1395155
Location,Oberschleissheim,EDNX,48.235729,11.5528271
Location,Haidberg,EDNZ,50.1382604,11.8002739
Location,Bad Berka,EDOB,50.9063389,11.2673161
Location,Gardelegen,EDOC,52.5296447,11.3545209
Location,Reinsdorf,EDOD,51.9000305,13.2012039
Location,Bad Frankenhausen,EDOF,51.3727799,11.1399989
Location,Langennersdorf,EDOH,50.9441562,13.2506457
Location,Bienenfarm,EDOI,52.6553199,12.7547463
Location,Lusse,EDOJ,52.1424211,12.6690954
Location,Rudolstadt-Groschwitz,EDOK,50.7334626,11.2365886
Location,Oschersleben,EDOL,52.0391964,11.2033948
Location,Ochsenhausen,EDONR,48.053631149935,9.91937406603717
Location,Bei Hattorf,EDONT,51.6328313,10.2571726
Location,Altdorf-Hagenhausen Airfield,EDOO,49.3871195,11.4217893
Location,Berneck,EDOPM,48.5721488,9.7296635
Location,Kammermark,EDOPS,53.1953957,12.1644353
Location,Oschatz,EDOQ,51.2954805,13.0852468
Location,Stoelln/Rhinow,EDOR,52.7453249,12.3858224
Location,Pennewitz,EDOS,50.6694167,11.0505556
Location,Sassberg Glider Field,EDOSN,51.9027757400407,10.6998381615797
Location,Stillberghof,EDOSV,48.7308226,10.8309319
Location,Obergrochlitz,EDOT,50.6462427,12.1777825
Location,Stendal-Borstel,EDOV,52.6329268,11.8312431
Location,Vielist,EDOW,53.566106,12.6543035
Location,Renneritz,EDOX,51.5949563,12.238108
Location,Schonebeck-Zackmunde,EDOZ,51.9982247,11.7886855
Location,Elchingen,EDPA,48.7777481,10.2651363
Location,Bad Ditzenbach,EDPB,48.5652613,9.7249209
Location,Jolling,EDPC,47.9251565,12.2888395
Location,Dingolfing,EDPD,48.6574979,12.4984903
Location,Eichstatt,EDPE,48.8785232,11.1798629
Location,Schwandorf,EDPF,49.3393271,12.1846831
Location,Heidenberg,EDPH,49.268269,11.0113196
Location,Moosburg auf der Kippe,EDPI,48.4585149,11.9442082
Location,Laichingen,EDPJ,48.4968592,9.6360924
Location,Schonberg,EDPK,48.0476797,12.5006574
Location,Ohlstadt Airfield,EDPL,47.6577376,11.2323469
Location,Donzdorf,EDPM,48.6772,9.84793
Location,Lunen-Lippeweiden,EDPMH,51.6165782,7.50237
Location,Hulben,EDPMR,48.5293624,9.3982042
Location,Paterzell Airfield,EDPN,47.8439169,11.0605914
Location,Bad Bruckenau-Oberleichtersbach,EDPNR,50.2719141,9.8233051
Location,Aventoft,EDPOP,54.8966136,8.8276541
Location,Rammertshof Amberg Airfield,EDPP,49.4394872,11.8105676
Location,Locktow,EDPPM,52.116501,12.70979
Location,Gerstetten,EDPT,48.624481,10.0671989
Location,Amalienhof,EDPU,48.7463367,10.0045517
Location,Buchig Airfield,EDPV,50.4477521,10.2566091
Location,Thalmassing-Waizenhofen,EDPW,49.0650855,11.2080644
Location,Oberhinkofen Airfield,EDPX,48.9518065,12.1466468
Location,Ellwangen,EDPY,48.96138,10.23108
Location,Ottenberg Airfield,EDPZ,49.3287984,11.4802112
Location,Bamberg AAF,EDQA,49.9180206,10.9061368
Location,Bad Windsheim,EDQB,49.5104456,10.3664311
Location,Brandensteinsebene,EDQC,50.265066,10.99198
Location,Bayreuth,EDQD,49.983543,11.6400496
Location,Burg Feuerstein,EDQE,49.7923646,11.1270998
Location,Petersdorf,EDQF,49.3617572,10.6704758
Location,Giebelstadt AAF,EDQG,49.6497123,9.9679479
Location,Herzogenaurach,EDQH,49.5825765,10.8829331
Location,Lauf-Lillinghof,EDQI,49.6049052,11.2830547
Location,Große Hohe Airfield,EDQJ,52.9868411,8.5730662
Location,Kulmach,EDQK,50.1335711,11.4633397
Location,Lichtenfels,EDQL,50.1470524,11.0519604
Location,Hof-Plauen,EDQM,50.2864041,11.8663086
Location,Neustadt/Aisch,EDQN,49.5869331,10.5767929
Location,Ottengruner Heide,EDQO,50.2258668,11.7319889
Location,Große Wiese Airfield,EDQQ,52.1365294,10.568149
Location,Ebern-Sendelbach,EDQR,50.0409221,10.8191795
Location,Goldlauter,EDQS,50.6334776,10.7283662
Location,Oppershausen Airfield,EDQU,52.5947326,10.2158284
Location,Weiden,EDQW,49.6812117,12.1152208
Location,Hetzleser Berg,EDQX,49.6413195,11.1607716
Location,Steinrucken,EDQY,50.2300682,10.9904699
Location,Zipser Berg,EDQZ,49.7619588,11.5682744
Location,Bad Neuenahr-Ahrweiler Airfield,EDRA,50.5570778,7.1363168
Location,Gronau Airfield,EDRC,52.0577999,9.8104
Location,Neumagen-Dhron,EDRD,49.8425,6.9163889
Location,Bad Durkheim,EDRF,49.4724065,8.1957992
Location,Gottschied,EDRG,49.73191,7.33844
Location,Linkenheim,EDRI,49.1417371,8.3950454
Location,Mont Royal,EDRM,49.9697107,7.1117352
Location,Nannhausen,EDRN,49.9702796,7.4791669
Location,Quakenbruck Airfield,EDRQ,52.6633475,7.9243341
Location,Osterholz-Scharmbeck Airfield,EDRR,53.2154005,8.8072996
Location,Bad Sobernheim-Domberg,EDRS,49.7919066,7.6672814
Location,Sundern-Seidfeld,EDRSG,51.3033754998935,7.97799664312262
Location,Fohren,EDRT,49.8641555,6.7865603
Location,Peine-Glindbruchkippe Airfield,EDRU,52.3237258,10.1814856
Location,Wershofen/Eifel,EDRV,50.4514617,6.7880964
Location,Wienau,EDRW,50.5659444,7.6525
Location,Neunkirchen-Bexbach Airport,EDRX,49.3413582,7.2551372
Location,Degerfeld,EDSA,48.2522923,9.0678309
Location,Hopen Airfield,EDSC,53.1473509,9.7955333
Location,Am Kreuzberg Glider Field,EDSD,50.3090007723514,10.3731578799454
Location,Scheuen Celle,EDSER,52.6692999,10.0879999
Location,Furth-Seckendorf Airfield,EDSF,49.4812083,10.8608943
Location,Grabenstetten,EDSG,48.5335884,9.4436557
Location,Backnang-Heiningen,EDSH,48.9215623,9.456515
Location,Binningen,EDSI,47.7985157491749,8.71870130439856
Location,Berliner Heide Airfield,EDSJ,52.669778,10.369752
Location,Kehl-Sundheim,EDSK,48.5619646,7.8418095
Location,Blumberg,EDSL,47.8443367,8.5629131
Location,Stude Bernsteinsee Airfield,EDSM,52.5658715,10.6804328
Location,Nortel,EDSO,48.6211801,9.6554085
Location,Poltringen Airport,EDSP,48.5471441,8.9466534
Location,Dornberg-Sontra Airfield,EDSQ,51.0864634,9.9180572
Location,Stahringen,EDSR,47.8013684,8.9784873
Location,Zellhausen,EDSS,50.0154218395635,8.98528914144588
Location,Hahnweide,EDST,48.6317025877448,9.43011346541947
Location,Steinberg in Surwold Glider Airfield,EDSU,52.9566756297625,7.55440409021387
Location,Waechtersberg,EDSV,48.6152541944558,8.75607260577668
Location,Altdorf-Wallburg,EDSW,48.2699234,7.8414544
Location,Horbach Airfield,EDSX,50.6680752,8.261134
Location,Huhnrain Airfield,EDSY,50.4902954,9.8492209
Location,Zepfenhan,EDSZ,48.185646,8.7191095
Location,Eibinger Forstwiese Airfield,EDTA,50.0185999,7.89324
Location,Oos,EDTB,48.7942325,8.1846737
Location,Bruchsal,EDTC,49.1350035,8.5640295
Location,Donaueschingen-Villingen,EDTD,47.9753749,8.5153466
Location,Eutingen Im Gaeu,EDTE,48.4854878,8.7767805
Location,Freiburg/Breisgau,EDTF,48.0226162,7.8326448
Location,Bremgarten,EDTG,47.9006902,7.6223126
Location,Tirschenreuth Airfield,EDTI,49.874332,12.328842
Location,Langenselbold Airfield,EDTJ,50.178322,9.0696227
Location,Forchheim,EDTK,48.9770078,8.3422179
Location,Nabern/Teck,EDTN,48.6160052,9.4737527
Location,Pfullendorf,EDTP,47.9104009,9.2508251
Location,Pattonville,EDTQ,48.8653078591916,9.22266227809677
Location,Wildberg Glider Airfield,EDTSM,48.6374765049621,8.73333987144944
Location,Tröstau Glider Field,EDTT,50.0189526707885,11.933464691657
Location,Saulgau,EDTU,48.0287884,9.5054652
Location,Laufenselden Airfield,EDTV,50.2217978,7.9988419
Location,Winzeln-Schramberg,EDTW,48.2805458,8.4289072
Location,Konstanz,EDTZ,47.6818485,9.1353928
Location,Ferchesar,EDUA,52.6484031,12.4835872
Location,Utscheid Segelflugplatz,EDUC,49.9992059,6.3454773
Location,Reinheim Airfield,EDUD,49.8396851,8.8503702
Location,Unterwssen Airfield,EDUE,47.7302041,12.4391071
Location,Pohlheim Airfield,EDUG,50.5321409,8.7327725
Location,Rothenberg Airfield,EDUH,49.4849893,8.9356261
Location,Schotten Airfield,EDUI,50.5361011,9.14633
Location,Kleve-Wisseler Dunen,EDUIN,51.7695325,6.3010609
Location,Nidda Airfield,EDUJ,50.4057831,8.9876597
Location,Vielbrunn Airfield,EDUK,49.7209566,9.0818728
Location,Uslar Airfield,EDUL,51.6629232,9.608308
Location,Ummern Airfield,EDUM,52.6173973,10.4145212
Location,Geratshof Airfield,EDUN,47.991508,10.8374155
Location,Ziegenhain Airfield - Der Ring,EDUP,50.9061955,9.2402145
Location,Borghorst Airfield,EDUQ,52.1505628,7.453095
Location,Hoherodskopf Airfield,EDUR,50.4996344,9.2190051
Location,Dsseldorf-Wolfsaap Airfield,EDUU,51.2645097,6.8519916
Location,Langenfeld Airfield,EDUX,51.1408826,6.9857555
Location,Zerbst,EDUZ,52.0002787,12.1458387
Location,Bad Gandersheim,EDVA,51.8562441,10.024648
Location,Lindlar Airfield,EDVB,50.9952122,7.3738714
Location,Arloh,EDVC,52.6873255,10.1159398
Location,Segelfluggelande Altenbachtal,EDVD,49.9229081,9.1588311
Location,Blomberg-Borkhausen,EDVF,51.9166221,9.1112025
Location,Hodenhagen,EDVH,52.7619663,9.6074621
Location,Hoxter-Holzminden,EDVI,51.8067609,9.3782682
Location,Schaferstuhl,EDVJ,52.0296139,10.3644372
Location,Calden,EDVK,51.4173114,9.3935596
Location,Holleberg,EDVL,51.611289,9.4002901
Location,Northeim,EDVN,51.7079046,10.0375238
Location,Dehausen Airfield,EDVO,51.46385,9.0491273
Location,Wilsche,EDVQ,52.524157,10.4683128
Location,Rinteln,EDVR,52.1753962,9.0572354
Location,Drutte,EDVS,52.1567945,10.4279937
Location,Ithwiesen,EDVT,51.9520751,9.662357
Location,Uelzen,EDVU,52.9829826,10.4681466
Location,Kerken UL,EDVV,51.4420714,6.4465587
Location,Bad Pyrmont,EDVW,51.97163,9.29739
Location,Damme,EDWC,52.4887302,8.1829376
Location,Meidelstetten Gliderfield,EDWEB,48.3612286198903,9.31054951179996
Location,Wangerooge,EDWG,53.7883657,7.908913
Location,Lingen,EDWN,52.457275,7.1822024
Location,Atterheide,EDWO,52.2867496,7.970259
Location,Atlas Airfield,EDWQ,53.0355619,8.5086521
Location,Blexen,EDWT,53.5374755,8.5317497
Location,Varrelbusch,EDWU,52.9089858,8.0333489
Location,Scharnhorst,EDWV,52.96573,9.28338
Location,Warngau Airfield,EDWW,47.8252179,11.703331
Location,Westerstede-Felde,EDWX,53.2893681,7.929849
Location,Achmer,EDXA,52.3786138,7.9148357
Location,Schleswig-Kropp,EDXC,54.426582,9.538922
Location,Bad Essen,EDXD,52.3527014,8.3300504
Location,Eschendorf,EDXE,52.2753538,7.4955069
Location,Schaferhaus,EDXF,54.776,9.3774301
Location,Melle-Gronegau,EDXG,52.19976,8.37749
Location,Nienburg-Holzbalge,EDXI,52.7100726,9.16601
Location,St Michaelisdonn,EDXM,53.97756,9.1455
Location,St Peter-Ording,EDXO,54.3085597,8.6820912
Location,Schachtholm,EDXR,54.2170017,9.5979188
Location,Huttenbusch,EDXU,53.2859923,8.949847
Location,Berlinchen Airfield,EDXV,53.2269878,12.5670816
Location,Witzenhausen-Burgberg Airport,EDXX,51.3517573,9.8240469
Location,Brockzetel Airfield,EDYA,53.4818537,7.6485252
Location,Tarmstedt Airfield,EDYB,53.2513999,9.1084
Location,Walsrode Airfield,EDYC,52.8900048253049,9.60428572862848
Location,Garbenheimer Wiesen Airfield,EDYD,50.5739999,8.529
Location,Eudenbach Glider Field,EDYE,50.6704336650534,7.36097865926812
Location,Riedelbach Airfield,EDYF,50.3022973,8.383795
Location,Welzheim Airfield,EDYG,48.8749389,9.6571617
Location,Menden-Barge Airfield,EDYI,51.4608052,7.8414934
Location,Siegen-Eisernhardt Airfield,EDYK,50.8380771,8.0195609
Location,Warburg Airfield,EDYL,51.4979587,9.0865326
Location,Weipertshofen Airfield,EDYM,49.0881481,10.1226428
Location,Ludwigshafen Airfield,EDYN,49.411651,8.3494611
Location,Waldeck Airfield,EDYO,51.2286799,9.0574303
Location,Ehingen-Schlechtenfeld,EDYR,48.2852742,9.6733918
Location,Riesa-Canitz Airfield,EDYS,51.3023999,13.228
Location,Gammelsdorf,EDYSN,48.5681498,11.9324812
Location,Grunstadt Airfield,EDYT,49.5846148,8.1373031
Location,Sultmer Berg,EDYTR,51.727625,9.9912153
Location,Wildberg,EDYW,47.5995868,9.7411577
Location,Volkleshofen Airfield,EDYX,49.0105379,9.3542093
Location,Vaihingen an der Enz Airfield,EDYY,48.9365005,8.9706468
Location,Ubersberg Airfield,EDZA,48.4583935,9.2973652
Location,Titschendorf Airfield,EDZB,50.3940494,11.5216999
Location,Tauberbischofsheim Airfield,EDZC,49.648362,9.6316963
Location,Singhofen Airfield,EDZD,50.2713999,7.8548
Location,Aero-Club Perleberg e.V.,EDZG,53.0674,11.81395
Location,Zierenberg Airfield,EDZI,51.368453,9.3354047
Location,Kusel-Langenbach Airfield,EDZJ,49.4766455,7.3138952
Location,Klein Gartz Airfield,EDZK,52.8276964,11.3184316
Location,Kirn Airfield,EDZL,49.7747986,7.5201773
Location,Fischbek Airfield,EDZM,53.4582796,9.8258308
Location,Eßweiler Airfield,EDZN,49.5618609,7.579594
Location,Flugplatz Daun,EDZO,50.1759008,6.8578512
Location,Dillingen Airfield,EDZQ,49.3869094,6.7520179
Location,Bundenthal-Rumbach Airfield,EDZS,49.0924913,7.793943
Location,Esslingen-Jagerhaus Airfield,EDZT,48.7622219,9.3338889
Location,Bad Marienberg Airfield,EDZU,50.6606452,8.0286487
Location,Baumerlenbach Airfield,EDZV,49.23099,9.4171047
Location,UL-Flugplatz Auf der Schaufel,EDZW,51.098252,9.1488126
Location,Menkijarvi,EFME,62.9472272429532,23.5166241213737
Location,Nummela,EFNU,60.3352841458632,24.2996563894427
Location,Sodankyla,EFSO,67.3953648967618,26.6189688165314
Location,Milfield Glider Field,EG3L,55.5897443623062,-2.08443714723872
Location,Eight Ash Green Airport,EG50,51.9442082,0.8024602
Location,Yorkshire Gliding Club,EGAI,54.2292205796097,-1.20991351081068
Location,Leicester Airport,EGBG,52.6067219,-1.030918
Location,Dorset Gliding Club (Eyres Field),EGBH,50.7124446645865,-2.21927944670213
Location,Bidford Airfield,EGBI,52.140912,-1.846656
Location,Shobdon,EGBS,52.2424236,-2.8802664
Location,Sherburn-in-Elmet,EGCJ,53.7870748,-1.2167836
Location,Aston Down Airfield,EGCR,51.7080915,-2.1319622
Location,Hinton-in-the-Hedges Airfield,EGDB,52.0286990066798,-1.20605652507765
Location,Bicester Airfield,EGDD,51.9170588,-1.1351985
Location,Channel Gliding Club,EGDH,51.1788978260087,1.28053875890416
Location,Upavon,EGDJ1,51.2896509,-1.777837
Location,Falgunzeon Glider Field,EGGY,54.9455192,-3.7400707
Location,Eaglescott,EGHU,50.9282764399597,-3.9881237590991
Location,Camphill Airfield,EGHV,53.3058131266916,-1.73035129289466
Location,RAF Weston-on-the-Green,EGIU,51.8790860150268,-1.21992244272652
Location,RAF Keevil,EGIV,51.3132136658724,-2.11178719026731
Location,Shenington Gliding Club,EGIW,52.0842367405988,-1.47384376845444
Location,Lleweni Parc Glyndwr Soaring Club,EGJD,53.2106166778001,-3.3875991058346
Location,Easteron Glider Field,EGJL,57.5867329710919,-3.31055782210364
Location,Bognor Regis,EGKC,50.8011365959904,-0.659423986293685
Location,Kenley Aerodrome,EGKN,51.3055177687994,-0.0951758551980581
Location,Kirton-in-Lindsey Glider Field,EGKX,53.4622727216,-0.57677741259605
Location,Bellarena,EGLV,55.1378897999405,-6.96643892432221
Location,Bath Wilts & North Dorset Gliding Club,EGME,51.1289897697032,-2.2451167536384
Location,Tuxford Road Darlton Gliding,EGMMK,53.2458464892398,-0.858506028696995
Location,North Wales Gliding Club,EGMW,53.0438599284767,-3.22201341847062
Location,South Wales Gliding Club,EGMX,51.7193622143482,-2.847666806623
Location,Currock Hill,EGNCG,54.93374,-1.8423524
Location,Midland Glider Club,EGNP,52.5183486,-2.8794829
Location,Norfolk Glider Club,EGOF,52.4564395,1.1559368
Location,Kitson Field / Ringmer,EGPUD,50.9076662404352,0.105472282792548
Location,Upwood Glider Field,EGRM,52.4361264,-0.1423015
Location,Halesland,EGSER,51.2620649327299,-2.73185299876929
Location,Beccles,EGSM,52.4352538835393,1.61865400790105
Location,Talgarth,EGSOL,51.9807834871463,-3.20542157527187
Location,North Hill,EGSON,50.8534302,-3.2703244
Location,Bristol and Gloucestershire Gliding Club,EGSZ,51.7142641,-2.2826906
Location,Perranporth,EGTP,50.3307265,-5.1775827
Location,Sandhill Farm Airstrip,EGUG,51.6057441247922,-1.67387953285166
Location,Shifnal Airfield,EGVM,52.6682959422106,-2.39725574445744
Location,Southdown Gliding Club,EGVS,50.9227709,-0.4749331
Location,Stratford-upon-Avon Gliding Club,EGVV,52.2348914,-1.7146453
Location,Postland / Spalding (Crowland),EGXCS,52.7102584905763,-0.138210433486236
Location,Syerston,EGXY,53.0218895,-0.9085911
Location,Portmoak Glider Field,EGYV,56.1911233668725,-3.32814447617406
Location,Saltby Glider Field,EGZE,52.8299383841951,-0.709344158571696
Location,Feshiebridge Airfield,EGZL,57.1032473168847,-3.8902263067787
Location,Rivar Hill Glider Field,EGZN,51.3410346,-1.5443051
Location,Axel Glider Airfield,EHAX,51.2553838158238,3.89550461095239
Location,Maldens Vlak Glider Field,EHBE,51.7832073404466,5.88367423465199
Location,Glider Field Biddinghuizen,EHBI,52.4293061007293,5.67421400641
Location,Glider Field Castricum,EHCA,52.5368365,4.6232288
Location,Langeveld Glider Field,EHNO,52.2977711,4.5126052
Location,Veendam Glider Site,EHVE,53.0841086,6.8313295
Location,Venlo Airfield,EHVN,51.363538008296,6.2164357636617
Location,Glider Field De Voorst,EHVO,52.6845264925521,5.91136869173174
Location,Gowran Grange Aerodrome,EIGN,53.1743459659205,-6.63217826947892
Location,Kildare Aerodrome,EIKH,53.0634277712857,-6.85582480531705
Location,Cloneygath Airfield,EIOHR,53.1211576,-7.0238853
Location,Bolhede Glider Field,EKBA,55.6313288793674,8.75452208983848
Location,Frederikssund Nord Glider Field,EKFI,55.8532002793072,12.0709722432834
Location,Vjstrup Glider Field,EKFS,55.2493228157398,10.2076939861859
Location,Gørløse Glider Field,EKGL,55.8846604198211,12.2295224715347
Location,Hammer Glider Field,EKHM,55.9070726927583,9.45381546065875
Location,Holstebro Glider Field,EKHO,56.3089187577284,8.58816246553823
Location,Kongsted Svveflyveplads Glider,EKKS,55.2512462563151,12.059578190244
Location,Tonder,EKTD,54.9269774839285,8.8438319174937
Location,Gesten Glider Field,EKVE,55.551239450405,9.19392307321775
Location,Ejstruphede Glider Field,EKVI,56.0200966837632,8.6919752988747
Location,Useldange Glider,ELUS,49.7679982973643,5.96723517576949
Location,Glider Site Schinveld,ELZC,50.9797783,5.995197
Location,Slootdorp Glidersite,EMSUI,52.8353247,4.9506196
Location,Ler Airfield,ENLN,63.1974339352731,10.2916034148235
Location,Lunde Nome Airfield,ENLU,59.2981679544517,9.13176562155794
Location,Wieringermeer Glider Field,EPOMY,52.8207302159408,4.92686807784345
Location,Odestugu Glider Field,ESPMY,57.6026204,14.2867043
Location,Etting-Adelmannsberg Glider Field,ETT1,48.8103989728339,11.4213841553808
Location,Cyprus Gliding Club,LCYSH,35.1759348,33.1823996
Location,Sainte Croix sur Verdon,LF0429,43.7765859,6.1615
Location,Margny,LFAD,49.4356505,2.8036755
Location,Berck sur Mer,LFAM,50.4232688,1.5927048
Location,Couterne,LFAO,48.5453143,-0.3854797
Location,Bray,LFAQ,49.973242,2.6899462
Location,Monts D'Eraines,LFAS,48.9271185,-0.1453622
Location,Vauville,LFAU,49.6237736,-1.8298533
Location,Montlucon-Gueret,LFBK,46.2260024468141,2.35903921736209
Location,Souche,LFBN,46.3155107881663,-0.399145920591214
Location,Parentis,LFBS,44.3662058,-1.1317289
Location,Brie-Champniers,LFBU,45.7266199,0.2185254
Location,Bassillac,LFBX,45.196329,0.812644
Location,Bagneres de Luchon,LFCB,42.8009251,0.5995267
Location,Saint Laurent,LFCE,46.1770013,1.9516924
Location,Antichan,LFCG,43.0075081,1.103531
Location,Larzac,LFCM,43.9888381,3.1817315
Location,Herrere,LFCO,43.1642711,-0.55947
Location,Leognan-Saucats,LFCS,44.7001858,-0.6005654
Location,Thouars,LFCT,46.9627949,-0.1569768
Location,Moissac,LFCX,44.0875284,1.1274622
Location,Aire-sur-l'Adour,LFDA,43.708866,-0.2497767
Location,Sainte Foy la Grande,LFDF,44.8524264,0.1784378
Location,Virazeil,LFDM,44.4987926,0.1980939
Location,St Agnant,LFDN,45.8868854,-0.9834732
Location,Laloubere,LFDT,43.2152378,0.0764287
Location,Chauvigny,LFDW,46.581356,0.6422581
Location,Trelivan,LFEB,48.4432698,-2.1039081
Location,Dierre,LFEF,47.340805,0.9446724
Location,Le Fay,LFEK,46.8883527,2.0400387
Location,Vimory,LFEM,47.9610335,2.686186
Location,Til-Chatel,LFET,47.5445936,5.2064453
Location,Les Hauts de Chee,LFEU,48.8676757,5.1828804
Location,Saint Adrien,LFEV,47.4314145,5.6165586
Location,Le Grand Phare,LFEY,46.71723,-2.389504
Location,Malzeville,LFEZ,48.7203778,6.2090647
Location,Buno Bonnevaux,LFFB,48.3493914554906,2.42569530516265
Location,Cherence,LFFC,49.079626,1.6927861
Location,Mussey,LFFJ,48.3852933,5.14322
Location,Fontenay-le Comte,LFFK,46.4410359,-0.7944436
Location,Bailleau Armenonville Airfield,LFFL,48.5163137,1.6405313
Location,Neufchateau,LFFT,48.3606833,5.7169683
Location,Mereau,LFFV,47.1968383,2.0658738
Location,St Georges,LFFW,46.9315778,-1.3241084
Location,St Remy,LFFZ,48.7101097,3.7606427
Location,Habsheim,LFGB,47.7421949,7.4285924
Location,Neuhof,LFGC,48.5535614,7.7794155
Location,Chaux,LFGG,47.6955947,6.8337469
Location,Cheu,LFGP,47.9801028,3.7728912
Location,Neunkirch,LFGU,49.129789,7.1065561
Location,Pierrelatte,LFHD,44.3977001,4.716113
Location,Saint Paul,LFHE,45.0633802,5.0982541
Location,L'Horme,LFHG,45.4907893,4.5350111
Location,Vouvray,LFHN,46.1233381,5.8047353
Location,Coltines,LFHQ,45.0749177,2.9926296
Location,Beaumont,LFHR,45.3192901,3.3629091
Location,Ceyzeriat,LFHS,46.2053602,5.2874846
Location,Valence-sur-Baise,LFID,43.9096358,0.3896824
Location,Belmont,LFIF,43.8233904,2.7459408
Location,Rion Des Landes,LFIL,43.9151961,-0.9496779
Location,Montrejeau,LFIM,43.1074478,0.618724
Location,Bourg-St Bernard,LFIT,43.6102772,1.7258215
Location,Itxassou,LFIX,43.3357558,-1.4207569
Location,Aubenasson,LFJF,44.6949478,5.1506014
Location,Palaminy,LFJH,43.1995177,1.0494127
Location,Marce,LFJR,47.5629222,-0.3144233
Location,Courmelles,LFJS,49.3425103,3.2776417
Location,Le Louroux,LFJT,47.1511939961627,0.710331015746952
Location,Sollieres Sardieres,LFKD,45.2539586,6.8017207
Location,Alzitone,LFKG,42.0540408875544,9.40227019283739
Location,Aron Airport,LFKI,48.3124728,-0.5356423
Location,Eauze Airport,LFKN,43.8928253,0.1425222
Location,La Tour Du Pin Airfield,LFKP,45.5572124,5.3860678
Location,St Yan,LFLN,46.4063963,4.0211109
Location,Renaison,LFLO,46.0525822,4.0031513
Location,St Rambert d'Albon,LFLR,45.2565193,4.8229656
Location,Chambeon,LFLZ,45.7073053,4.1939017
Location,Fayence,LFMF,43.6113168,6.6982781
Location,La Montagne Noire,LFMG,43.4064,1.9891
Location,Vias,LFMU,43.3206285,3.3534281
Location,St Auban,LFMX,44.0590035,5.9925118
Location,Lezignan-Corbieres,LFMZ,43.173874,2.7330622
Location,Brenoux,LFNB,44.506607,3.5273098
Location,Saint Crepin,LFNC,44.7011248686401,6.59959396426638
Location,Vinon,LFNF,43.7361793,5.7881951
Location,Carpentras,LFNH,44.0224368,5.0894178
Location,Aspres Sur Buech,LFNJ,44.5176916,5.7362751
Location,St Martin De Londres,LFNL,43.7998299,3.7817866
Location,Narbonne,LFNN,43.1940414,3.0519076
Location,Florac Ste Enimie Airport,LFNO,44.288799,3.454803
Location,La Quillane,LFNQ,42.5430619,2.1198635
Location,Vaumeilh,LFNS,44.282812,5.9297436
Location,Pujaut,LFNT,43.9962443,4.7546664
Location,Puivert,LFNW,42.9102413,2.0549654
Location,La Tour-Sur-Orb,LFNX,43.6393729,3.1447155
Location,St Etienne En Devoluy Airport,LFNY,44.6667904,5.9041205
Location,Le Mazet De Romanin Airport,LFNZ,43.769334,4.8942114
Location,St Florent,LFOD,47.2586743,-0.1155698
Location,Valframbert,LFOF,48.4443957,0.1091226
Location,Saint Michel,LFOL,48.7590091,0.6580921
Location,Champhol,LFOR,48.4594497,1.5240399
Location,Roupy,LFOW,49.8168812,3.2064297
Location,Saint Romain,LFOY,49.5443363169619,0.359638396429867
Location,St Denis de l'Hotel,LFOZ,47.8983219,2.164314
Location,Thiverval,LFPF,48.8434046,1.9048643
Location,Voisins,LFPK,48.8375748,3.0110089
Location,Episy,LFPU,48.3433055,2.7986162
Location,Croismare,LFQC,48.5929977,6.5472905
Location,Roclincourt,LFQD,50.3225492,2.8009151
Location,Chatillon-sur-Seine,LFQH,47.8488121,4.5799164
Location,Ecury-sur-Coole,LFQK,48.903331,4.3495893
Location,La Veze,LFQM,47.206916,6.078926
Location,Frotey,LFQW,47.6387263,6.2053826
Location,Loyat,LFRP,48.0019144366487,-2.3789756061273
Location,Le Val St Pere,LFRW,48.6612304,-1.3996712
Location,Thise,LFSA,47.2731889,6.0820275
Location,Dogneville,LFSE,48.2112132,6.4526382
Location,Pontarlier,LFSP,46.9092545,6.3268929
Location,Saint Sulpice des Landes,LFSS,47.7904336,-1.6430202
Location,Langres-Rolampont,LFSU,47.961648,5.2903604
Location,Pont St Vincent,LFSV,48.6008439,6.0584242
Location,Montsaleon,LFTM,44.4500743,5.7264033
Location,La Grand'Combe,LFTN,44.24366,4.0111276
Location,La Motte du Caire Glider Field,LFUK,44.3256213,6.0313051
Location,Seyne les Alpes Glider Field,LFUP,44.3414954479937,6.37317363077003
Location,Thenac AB,LFXB,45.706898,-0.636005
Location,Niergnies AB,LFYG,50.1407211,3.2636574
Location,Saint-Hilaire-Saint-Mesmin Airport,LFZY,47.8112870144378,1.84129474763669
Location,Aviosuperficie Alvaro Leonardi,LIAA,42.5729167532397,12.5835659667438
Location,Foligno,LIAF,42.9386628961604,12.7140508539851
Location,Aviosuperficie Olivola,LIEH,41.1806776262726,14.7493774552721
Location,Alzate Brianza Airport,LILB,45.7698126,9.1624324
Location,Calcinate Del Pesce,LILC,45.8095384669713,8.77121981210652
Location,Sondrio Caiolo Airport,LILO,46.1537852627572,9.79294277938639
Location,Aeritalia,LIMA,45.0869162952661,7.60936503786788
Location,Boscomantico,LIPN,45.4744564,10.9297856
Location,Dobbiaco - Toblach Airport,LIVD,46.7281089071616,12.2246018782152
Location,Breclav,LKBA,48.7916639,16.893865
Location,Hranice,LKHN,49.5469997,17.7038585
Location,Klatovy,LKKT,49.4194311042898,13.3219791043313
Location,Kyjov,LKKY,48.9826965,17.1290825
Location,Line,LKLN,49.6752161170827,13.2707827831033
Location,Letkov,LKPL,49.7245430687151,13.4552007639545
Location,Rokycany,LKRY,49.7507616246136,13.5910923377384
Location,Pobiednik Wielki,EPKP,50.0844214,20.1978402
Location,Zar,EPZR,49.7716048,19.2207006
Location,Otocac,LDRO,44.850491,15.2802296
Location,Sinj,LDSS,43.6993199,16.671079
Location,Dornbirn,LOIH,47.3823882233583,9.69920422730273
Location,Yverdon-Les-Bains,LSGY,46.7649102,6.615837
Location,Birrfeld,LSZF,47.4443862248231,8.23014188150611
Location,Grenchen,LSZG,47.182484306657,7.41089399578689
Location,Cerin-Cacin Airstrip,LZHR,48.6764747,19.2489944
Location,"Hrochot,Slovakia Airport",LZOC,48.5953818,19.2643147
Location,Male Bielice,LZPT,48.6225333,18.3369313
Location,Raznany,LZRY,49.077282,21.096941
Location,Buzova Glider Field,UKVZ,50.4023263187533,30.0541470060278
Location,Thermal-G,03G,42.0206139,-80.0707194
Location,Randall,06N,41.4302958307229,-74.3937919903047
Location,Warren-Sugarbush,0B7,44.1175358587191,-72.8269555122633
Location,Hinckley,0C2,41.7708628,-88.7034144
Location,Jean,0L7,35.7682644,-115.329622
Location,Philadelphia,0PA0,40.3308377718061,-75.2485245298759
Location,Pleasant Home Gliding Club,14OI,40.9192228,-82.1140417
Location,Franconia,1B5,44.1959504,-71.7507033
Location,Eagle Soaring,1CD4,40.5093333,-106.9430278
Location,Freehold,1I5,42.364,-74.0650278
Location,Caesar Creek,20H9,39.4767269,-84.0938228
Location,Post Mills,2B9,43.8837222,-72.2520833
Location,Hinton Mun,2O8,35.5072222,-98.3425556
Location,Merlin Aerodrome,2VA3,37.3168278,-77.86655
Location,Walden-Jackson County,33V,40.7503889,-106.2715278
Location,Sterling,3B3,42.4259025,-71.7928508
Location,Silver Creek,3IL1,38.9252778,-89.6622222
Location,Garner,3VA8,36.8562603,-76.6821781
Location,Stewart,40I,39.5053378,-84.1218792
Location,Goodspeed Airport-42B,,41.4495272,-72.4605132
Location,Goodspeed,42B,41.4456544,-72.4556425
Location,Lawrence Field,4AR5,35.3708333,-90.7505556
Location,Antelope Valley Ranch,4CL3,39.14937,-122.35936
Location,Owl Canyon,4CO2,40.804705,-104.9849722
Location,Wichita Gliderport,4DRTG,37.761490874512,-97.1776514556477
Location,Harris Hill,4NY8,42.1209075,-76.9010717
Location,Puckett,50M,35.6894444,-86.615
Location,Sky Soaring,55LL,42.1541906,-88.5114764
Location,Richmond,69G,42.4420833,-84.0643611
Location,Butler Mun,6A1,32.5682358,-84.2466875
Location,Saint David Gliderfield,6HSKG,31.8331740126495,-110.208238346054
Location,Woodbridge,6MS1,32.4558333,-89.9697222
Location,Ridge Soaring,79N,40.8839486,-77.9072256
Location,Ball,79NC,36.1343164,-78.2819386
Location,Corning-Painted Post,7N1,42.1801003,-77.1217019
Location,Richters,87MO,38.6961219,-94.2580014
Location,Antelope Valley Soaring Club,8HSGR,34.5620804577192,-117.601207212663
Location,Chilhowee,92A,35.2264622,-84.5849328
Location,Lumpkin Co-Wimpy's,9A0,34.5830917,-84.0199583
Location,El Tiro,AZ67,32.4270147,-111.3895544
Location,Coyote Run,AZ86,34.6851944,-112.29025
Location,Sanger,C56,41.3766016195662,-87.687896893319
Location,Kendallville Mun,C62,41.4727156,-85.2607975
Location,Lake Village,C98,41.1484217,-87.4600338
Location,Avenal,CA69,36.0030306,-120.1421944
Location,Torrey Pines,CA84,32.8897222,-117.2469444
Location,Invermere,CAA8,50.5217115204386,-116.005870311669
Location,Alberni Valley Regional,CBS8,49.3217704,-124.9307475
Location,Conn Field,CCN4,44.0325716196002,-80.4855370591337
Location,Cu Nim,CEH2,50.7228217058408,-114.180454907937
Location,Chipman,CFU3,53.7192758603689,-112.632945306301
Location,Cudworth Muni,CJD2,52.4922369104902,-105.709066207733
Location,Birch Hills,CJD3,52.9927562139948,-105.444673893358
Location,Starbuck,CKJ7,49.7083186148829,-97.6798045858575
Location,Warner Springs,CL35,33.2845028,-116.6696569
Location,Williams,CN12,39.1635022,-122.1316411
Location,Pendleton,CNF3,45.486589738643,-75.0958636272036
Location,London Soaring Club,CNETS,43.1533372981037,-80.9512278608165
Location,Hawkesbury,CNV4,45.6167495464777,-74.6503863533068
Location,Kelly Air Park,CO15,39.2246667,-104.6399
Location,Arthur East,CPC3,43.8402654950218,-80.4424484416089
Location,Rideau Valley Air Park,CPL3,45.1034022507999,-75.6274430500413
Location,Rockton,CPT3,43.3223784644806,-80.1763959839621
Location,Paquet,CSK5,46.895598275709,-71.7844998099226
Location,Odessa / Strawberry Lakes Airstrip,CSL7,50.3667069788033,-103.743260244429
Location,St-Dominique,CSS4,45.6326779672191,-72.8199869686552
Location,Tottenham/Ronan Aerodrome,CYBS,44.0406568228202,-79.8464825532455
Location,Hope,CYHE,49.3701233748016,-121.494714020301
Location,Brougham,CYPI,43.9142326762641,-79.1325285665072
Location,Chicoutimi/St-Honore,CYRC,48.521476511304,-71.0537737156975
Location,Pincher Creek,CZPC,49.5227460833124,-113.999963020766
Location,Estrella Sailport,E68,33.0853267,-112.1609794
Location,Highland-Winet,H07,38.77925,-89.6404514
Location,Wakeman,I64,41.2934917,-82.3723611
Location,Alexandria,I99,40.2325133,-85.6375306
Location,Il59 Chicago Glider Club,,41.431975,-88.2472853
Location,Murray,ID36,43.768376943908,-113.344361571407
Location,Gardner Mun,K34,38.8068483,-94.9567494
Location,Harriman and West,KAQW,42.6962538,-73.1705531
Location,Blair Mun,KBTA,41.4148056,-96.1089722
Location,Shalz,KCBK,39.4266325997313,-101.050719248592
Location,Tri-Cities,KCZG,42.0785342,-76.0963306
Location,Front Royal-Warren Co,KFRR,38.9175122,-78.2533733
Location,Rooke,KRFG,28.2958167,-97.3259719
Location,Merkel Sylacauga Mun,KSCD,33.1718333,-86.3055278
Location,Stanton,KSYN,44.4755216,-93.0163201
Location,Greene Co,KWAY,39.9011389,-80.1306944
Location,Gilliam,LA54,32.8376403,-93.8376789
Location,Flying Y Ranch,MT48,45.4265694,-110.6560389
Location,Wurtsboro-Sullivan Co,N82,41.5979017,-74.4591592
Location,Brokenstraw,P15,41.8329403,-79.3606708
Location,Grier,S36,47.3370967,-122.1035364
Location,Bermuda High,SC79,34.6112661,-80.4497917
Location,Ghsa-Wallis Gliderport,TE71,29.6111111,-96.0279
Location,Flf,TX23,30.8562931,-97.9458531
Location,Nephi Mun,U14,39.7365833,-111.8700556
Location,New Castle Intl,VA85,37.4834625,-80.0997694
Location,Rockfish Arpk,VG22,37.8788194,-78.8935583
Location,Mid-Atlantic Soaring Center,W73,39.75704,-77.3513761
Location,Bergseth Field,WN76,47.2435739,-121.9245539
Location,Laboulaye,SAOL,-34.1353,-63.3622
Location,Zarate Airport,SAZC,-34.1173273756788,-59.082230240034
Location,Pigue,SAZE,-37.6064191990444,-62.3828958398311
Location,Araquara,SBAQ,-21.8055546,-48.1396316
Location,Araxa,SBAX,-19.5607284,-46.9657927
Location,Bauru,SBBU,-22.3435495,-49.0540278
Location,Chapeco,SBCH,-27.1320128,-52.6606672
Location,Guaratingueta,SBGW,-22.7954583,-45.2068939
Location,Clube CEU Airport,SBIX,-22.9616558,-43.6580779
Location,Goianira Airport,SBLF,-16.5907516,-49.3953748
Location,Barreiras Airport,SBNJ,-12.0712814,-45.7128486
Location,Pocos De Caldas,SBPC,-21.8403376,-46.566142
Location,Porto Nacional,SBPN,-10.716428,-48.4003099
Location,Rubem Berta Intl,SBUG,-29.7839952,-57.0357006
Location,Campo Fontenelle,SBYS,-21.9836063,-47.3381538
Location,Olmué Airport,SCOM,-32.9965539313724,-71.1718441216937
Location,Bahia Gliding,SOUNR,-12.1661930102655,-45.8175556198276
